Workbook

Sheet Leggimi
A1: EdiliziaInCloud — Il foglio del margine per commessa
A2: Dal preventivo al SAL, tutto in un posto.
A4: A cosa serve
A5: A sapere quanto ti ha lasciato davvero un cantiere: prezzo di vendita meno materiali, manodopera al costo orario vero, subappalti e spese di cantiere. In euro e in percentuale. Un cantiere per riga.
A7: Come si usa, in 20 minuti
A8: 1. Apri il foglio «Costo orario». Metti il costo annuo di una persona tutto compreso (te lo dà il consulente del lavoro in una riga) e le ore che le mancano davvero. Esce il costo orario vero. Quasi sempre sta intorno ai 34 €, non ai 25 che si mettono a preventivo.
A9: 2. Apri il foglio «Margine per commessa». Prendi un cantiere chiuso e compila le celle gialle: importo, varianti fatturate, materiali, ore della squadra, subappalti, noleggi e spese. Il resto lo calcola il foglio.
A10: 3. Leggi le 3 colonne di destra: margine in euro, margine in percentuale, margine per giornata di squadra. Il semaforo dice dove guardare: sopra il 25% è sano, tra il 20 e il 25 c'è da guardare, sotto il 20 si guarda subito.
A11: 4. Fallo su 5 cantieri chiusi, diversi tra loro. Alla 5ª riga l'ordine che esce quasi mai è quello che avevi in testa.
A13: Le celle
A14: Gialle con testo blu: le compili tu. Bianche: sono formule, e non si toccano. Se una cella bianca mostra un trattino, manca un dato a sinistra.
A16: Il limite, detto prima
... A20: Flo — EdiliziaInCloud

Sheet Costo orario
A1: Il costo orario vero di una persona in cantiere
A2: Compila le celle gialle. Prendi una persona sola, l'anno scorso.
A4: Voce | B4: Valore | C4: Da dove lo prendi
A5: Costo annuo tutto compreso (lordo, contributi, Cassa Edile, TFR, ferie e 13ª, DPI, viaggio) | B5: 46000 | C5: Il consulente del lavoro te lo dà in una riga. Non il netto in busta: il costo per te.
A6: Ore da contratto in un anno | B6: 1720 | C6: 40 ore a settimana per 43 settimane lavorabili, senza ferie. Cambialo se il tuo contratto è diverso.
A7: Meno: ferie e permessi retribuiti (ROL, ex festività) | B7: 200 | C7: Ore pagate in cui la persona non è in cantiere.
A8: Meno: malattia e infortunio, media | B8: 40 | C8: Il dato dell'anno scorso per quella persona, o la media della squadra.
A9: Meno: maltempo e cantiere fermo | B9: 40 | C9: Giornate pagate con la squadra a casa o in magazzino.
A10: Meno: viaggi tra cantieri, attese di altri mestieri, mezze giornate | B10: 70 | C10: Il pezzo che nessuno conta. Stima bassa: 2 ore a settimana.
A11: Meno: formazione, visite mediche, altro | B11: 20 | C11: Corsi sicurezza, visite, giornate in ufficio.
A13: Ore davvero passate in cantiere | B13: =B6-SUM(B7:B11) -> 1350 | C13: Ore da contratto meno tutto quello che manca.
A14: COSTO ORARIO VERO | B14: =IF(B13>0,B5/B13,0) -> 34.074074 | C14: È il numero che va in ogni preventivo e nel foglio «Margine per commessa».
A16: Quello che metti a preventivo oggi, per un'ora di operaio | B16: 25 | C16: Il numero che gira da 20 anni.
A17: Differenza per ogni ora lavorata | B17: =B14-B16 -> 9.0740741
A18: Ore che la squadra ha fatto il mese scorso, in tutto | B18: 640 | C18: 4 persone per 160 ore sono 640.
A19: Margine messo a preventivo e mai arrivato, il mese scorso | B19: =B17*B18 -> 5807.4074 | C19: Non se ne va in cantiere: se ne va il giorno del preventivo.
A21: Nessun programma abbassa il costo orario di un operaio: lo decidono il contratto e la Cassa Edile. Quello che cambia è che il costo giusto lo imposti una volta sola.

Sheet Margine per commessa
A1: Margine per commessa — un cantiere per riga
A2: Celle gialle: le compili tu, a cantiere chiuso. Il costo orario arriva dal foglio «Costo orario». Sano: sopra il 25%. Da guardare: 20-25%. Subito: sotto il 20%.
A3: Cantiere | B3: Importo contratto € | C3: Varianti fatturate € | D3: Ricavo totale € | E3: Materiali € | F3: Ore squadra | G3: Costo orario €/h | H3: Manodopera € | I3: Subappalti € | J3: Noleggi e spese di cantiere € | K3: Costi totali € | L3: Margine € | M3: Margine % | N3: Giornate squadra | O3: Margine per giornata € | P3: Semaforo
A4: ESEMPIO — Via Roma 12, rifacimento tetto | B4: 80000 | C4: 3200 | D4: =IF(A4="","",B4+C4) -> 83200 | E4: 28000 | F4: 620 | G4: =IF(A4="","",'Costo orario'!$B$14) -> 34.074074 | H4: =IF(A4="","",F4*G4) -> 21125.926 | I4: 12000 | J4: 3500 | K4: =IF(A4="","",E4+H4+I4+J4) -> 64625.926 | L4: =IF(A4="","",D4-K4) -> 18574.074 | M4: =IF(OR(A4="",D4=0),"",L4/D4) -> 0.22324608 | N4: =IF(A4="","",F4/8) -> 77.5 | O4: =IF(OR(A4="",N4=0),"",L4/N4) -> 239.66547 | P4: =IF(M4="","",IF(M4>=0.25,"Sano",IF(M4>=0.2,"Da guardare","Subito"))) -> Da guardare
D5: =IF(A5="","",B5+C5) | G5: =IF(A5="","",'Costo orario'!$B$14) | H5: =IF(A5="","",F5*G5) | K5: =IF(A5="","",E5+H5+I5+J5) | L5: =IF(A5="","",D5-K5) | M5: =IF(OR(A5="",D5=0),"",L5/D5) | N5: =IF(A5="","",F5/8) | O5: =IF(OR(A5="",N5=0),"",L5/N5) | P5: =IF(M5="","",IF(M5>=0.25,"Sano",IF(M5>=0.2,"Da guardare","Subito")))
D6: =IF(A6="","",B6+C6) | G6: =IF(A6="","",'Costo orario'!$B$14) | H6: =IF(A6="","",F6*G6) | K6: =IF(A6="","",E6+H6+I6+J6) | L6: =IF(A6="","",D6-K6) | M6: =IF(OR(A6="",D6=0),"",L6/D6) | N6: =IF(A6="","",F6/8) | O6: =IF(OR(A6="",N6=0),"",L6/N6) | P6: =IF(M6="","",IF(M6>=0.25,"Sano",IF(M6>=0.2,"Da guardare","Subito")))
D7: =IF(A7="","",B7+C7) | G7: =IF(A7="","",'Costo orario'!$B$14) | H7: =IF(A7="","",F7*G7) | K7: =IF(A7="","",E7+H7+I7+J7) | L7: =IF(A7="","",D7-K7) | M7: =IF(OR(A7="",D7=0),"",L7/D7) | N7: =IF(A7="","",F7/8) | O7: =IF(OR(A7="",N7=0),"",L7/N7) | P7: =IF(M7="","",IF(M7>=0.25,"Sano",IF(M7>=0.2,"Da guardare","Subito")))
D8: =IF(A8="","",B8+C8) | G8: =IF(A8="","",'Costo orario'!$B$14) | H8: =IF(A8="","",F8*G8) | K8: =IF(A8="","",E8+H8+I8+J8) | L8: =IF(A8="","",D8-K8) | M8: =IF(OR(A8="",D8=0),"",L8/D8) | N8: =IF(A8="","",F8/8) | O8: =IF(OR(A8="",N8=0),"",L8/N8) | P8: =IF(M8="","",IF(M8>=0.25,"Sano",IF(M8>=0.2,"Da guardare","Subito")))
D9: =IF(A9="","",B9+C9) | G9: =IF(A9="","",'Costo orario'!$B$14) | H9: =IF(A9="","",F9*G9) | K9: =IF(A9="","",E9+H9+I9+J9) | L9: =IF(A9="","",D9-K9) | M9: =IF(OR(A9="",D9=0),"",L9/D9) | N9: =IF(A9="","",F9/8) | O9: =IF(OR(A9="",N9=0),"",L9/N9) | P9: =IF(M9="","",IF(M9>=0.25,"Sano",IF(M9>=0.2,"Da guardare","Subito")))
D10: =IF(A10="","",B10+C10) | G10: =IF(A10="","",'Costo orario'!$B$14) | H10: =IF(A10="","",F10*G10) | K10: =IF(A10="","",E10+H10+I10+J10) | L10: =IF(A10="","",D10-K10) | M10: =IF(OR(A10="",D10=0),"",L10/D10) | N10: =IF(A10="","",F10/8) | O10: =IF(OR(A10="",N10=0),"",L10/N10) | P10: =IF(M10="","",IF(M10>=0.25,"Sano",IF(M10>=0.2,"Da guardare","Subito")))
D11: =IF(A11="","",B11+C11) | G11: =IF(A11="","",'Costo orario'!$B$14) | H11: =IF(A11="","",F11*G11) | K11: =IF(A11="","",E11+H11+I11+J11) | L11: =IF(A11="","",D11-K11) | M11: =IF(OR(A11="",D11=0),"",L11/D11) | N11: =IF(A11="","",F11/8) | O11: =IF(OR(A11="",N11=0),"",L11/N11) | P11: =IF(M11="","",IF(M11>=0.25,"Sano",IF(M11>=0.2,"Da guardare","Subito")))
D12: =IF(A12="","",B12+C12) | G12: =IF(A12="","",'Costo orario'!$B$14) | H12: =IF(A12="","",F12*G12) | K12: =IF(A12="","",E12+H12+I12+J12) | L12: =IF(A12="","",D12-K12) | M12: =IF(OR(A12="",D12=0),"",L12/D12) | N12: =IF(A12="","",F12/8) | O12: =IF(OR(A12="",N12=0),"",L12/N12) | P12: =IF(M12="","",IF(M12>=0.25,"Sano",IF(M12>=0.2,"Da guardare","Subito")))
D13: =IF(A13="","",B13+C13) | G13: =IF(A13="","",'Costo orario'!$B$14) | H13: =IF(A13="","",F13*G13) | K13: =IF(A13="","",E13+H13+I13+J13) | L13: =IF(A13="","",D13-K13) | M13: =IF(OR(A13="",D13=0),"",L13/D13) | N13: =IF(A13="","",F13/8) | O13: =IF(OR(A13="",N13=0),"",L13/N13) | P13: =IF(M13="","",IF(M13>=0.25,"Sano",IF(M13>=0.2,"Da guardare","Subito")))
D14: =IF(A14="","",B14+C14) | G14: =IF(A14="","",'Costo orario'!$B$14) | H14: =IF(A14="","",F14*G14) | K14: =IF(A14="","",E14+H14+I14+J14) | L14: =IF(A14="","",D14-K14) | M14: =IF(OR(A14="",D14=0),"",L14/D14) | N14: =IF(A14="","",F14/8) | O14: =IF(OR(A14="",N14=0),"",L14/N14) | P14: =IF(M14="","",IF(M14>=0.25,"Sano",IF(M14>=0.2,"Da guardare","Subito")))
D15: =IF(A15="","",B15+C15) | G15: =IF(A15="","",'Costo orario'!$B$14) | H15: =IF(A15="","",F15*G15) | K15: =IF(A15="","",E15+H15+I15+J15) | L15: =IF(A15="","",D15-K15) | M15: =IF(OR(A15="",D15=0),"",L15/D15) | N15: =IF(A15="","",F15/8) | O15: =IF(OR(A15="",N15=0),"",L15/N15) | P15: =IF(M15="","",IF(M15>=0.25,"Sano",IF(M15>=0.2,"Da guardare","Subito")))
D16: =IF(A16="","",B16+C16) | G16: =IF(A16="","",'Costo orario'!$B$14) | H16: =IF(A16="","",F16*G16) | K16: =IF(A16="","",E16+H16+I16+J16) | L16: =IF(A16="","",D16-K16) | M16: =IF(OR(A16="",D16=0),"",L16/D16) | N16: =IF(A16="","",F16/8) | O16: =IF(OR(A16="",N16=0),"",L16/N16) | P16: =IF(M16="","",IF(M16>=0.25,"Sano",IF(M16>=0.2,"Da guardare","Subito")))
... D18: =IF(A18="","",B18+C18) | G18: =IF(A18="","",'Costo orario'!$B$14) | H18: =IF(A18="","",F18*G18) | K18: =IF(A18="","",E18+H18+I18+J18) | L18: =IF(A18="","",D18-K18) | M18: =IF(OR(A18="",D18=0),"",L18/D18) | N18: =IF(A18="","",F18/8) | O18: =IF(OR(A18="",N18=0),"",L18/N18) | P18: =IF(M18="","",IF(M18>=0.25,"Sano",IF(M18>=0.2,"Da guardare","Subito")))
A19: TOTALE | B19: =SUM(B4:B18) -> 80000 | C19: =SUM(C4:C18) -> 3200 | D19: =SUM(D4:D18) -> 83200 | E19: =SUM(E4:E18) -> 28000 | F19: =SUM(F4:F18) -> 620 | H19: =SUM(H4:H18) -> 21125.926 | I19: =SUM(I4:I18) -> 12000 | J19: =SUM(J4:J18) -> 3500 | K19: =SUM(K4:K18) -> 64625.926 | L19: =SUM(L4:L18) -> 18574.074 | M19: =IF(D19=0,"",L19/D19) -> 0.22324608 | N19: =SUM(N4:N18) -> 77.5 | O19: =IF(N19=0,"",L19/N19) -> 239.66547
A21: Come leggere le 3 colonne di destra.
A22: Margine €: quello che resta dopo tutti i costi diretti. Non ci sono i costi di struttura (capannone, mezzi, ufficio, il tuo stipendio): quelli stanno sopra tutti i cantieri.
A23: Margine %: sano tra il 25% e il 35%. Sotto il 20% c'è una cosa da guardare subito, e quasi sempre è una di queste 3: le ore, il materiale a corpo messo senza quantità, le varianti fatte gratis.
A24: Margine per giornata: il numero che nessuno guarda. Il cantiere grosso di cui vai fiero margina spesso meno, per giornata, di 2 lavori piccoli fatti negli stessi mesi. Quando metti i cantieri in fila per questa colonna, l'ordine quasi mai è quello che avevi in testa.
A25: Foglio di lavoro consegnato da EdiliziaInCloud. I numeri di riferimento sono intervalli di settore: i tuoi valgono di più.
